keyword,website
新當代牙醫,www.modern-implant.com.tw
牙周病,www.modern-implant.com.tw
全口重建,www.modern-implant.com.tw
高壓氧植牙,www.modern-implant.com.tw
ALL ON 6,www.modern-implant.com.tw
快速植牙,www.modern-implant.com.tw
牙周病治療,www.modern-implant.com.tw
舒眠植牙,www.modern-implant.com.tw
桃園牙醫診所,www.modern-implant.com.tw
桃園牙科診所,www.modern-implant.com.tw
桃園植牙,www.modern-implant.com.tw
鎮靜舒眠植牙,www.modern-implant.com.tw
桃園市植牙,www.modern-implant.com.tw
桃園市人工植牙,www.modern-implant.com.tw
桃園微創植牙,www.modern-implant.com.tw
桃園人工植牙,www.modern-implant.com.tw
桃園無痛植牙,www.modern-implant.com.tw
桃園牙周病,www.modern-implant.com.tw
桃園牙周病治療,www.modern-implant.com.tw
桃園牙周病診所,www.modern-implant.com.tw
桃園高壓氧植牙 ,www.modern-implant.com.tw
桃園全口重建,www.modern-implant.com.tw
桃園ALL ON 6,www.modern-implant.com.tw
桃園快速植牙,www.modern-implant.com.tw
中壢牙醫診所,www.modern-implant.com.tw
中壢牙科診所,www.modern-implant.com.tw
中壢植牙,www.modern-implant.com.tw
中壢人工植牙,www.modern-implant.com.tw
中壢市植牙,www.modern-implant.com.tw
中壢市人工植牙,www.modern-implant.com.tw
中壢微創植牙,www.modern-implant.com.tw
牙科門診鎮靜,www.modern-implant.com.tw
中壢無痛植牙,www.modern-implant.com.tw
中壢牙周病,www.modern-implant.com.tw
中壢牙周病治療,www.modern-implant.com.tw
中壢牙周病診所,www.modern-implant.com.tw
中壢高壓氧植牙 ,www.modern-implant.com.tw
中壢全口重建,www.modern-implant.com.tw
中壢ALL ON 6,www.modern-implant.com.tw
中壢快速植牙,www.modern-implant.com.tw
贈送多組不計排名,www.modern-implant.com.tw
兒童牙科 ,www.modern-implant.com.tw
中壢兒童牙科,www.modern-implant.com.tw
中壢兒童門診鎮靜,www.modern-implant.com.tw
桃園兒童牙科,www.modern-implant.com.tw
桃園兒童門診鎮靜,www.modern-implant.com.tw
顯微植牙,www.modern-implant.com.tw
吾同牙科 ,www.modern-implant.com.tw
吾同牙醫,www.modern-implant.com.tw
吾同牙醫集團,www.modern-implant.com.tw
吾同牙科集團,www.modern-implant.com.tw
