keyword,website,google_rank,yahoo_rank
新當代牙醫,www.modern-implant.com.tw,3,6
牙周病,www.modern-implant.com.tw,,
全口重建,www.modern-implant.com.tw,,
高壓氧植牙,www.modern-implant.com.tw,15,
ALL ON 6,www.modern-implant.com.tw,,
快速植牙,www.modern-implant.com.tw,90,
牙周病治療,www.modern-implant.com.tw,,
舒眠植牙,www.modern-implant.com.tw,,
桃園牙醫診所,www.modern-implant.com.tw,44,
桃園牙科診所,www.modern-implant.com.tw,23,
桃園植牙,www.modern-implant.com.tw,26,
鎮靜舒眠植牙,www.modern-implant.com.tw,46,
桃園市植牙,www.modern-implant.com.tw,7,
桃園市人工植牙,www.modern-implant.com.tw,7,
桃園微創植牙,www.modern-implant.com.tw,19,
桃園人工植牙,www.modern-implant.com.tw,18,
桃園無痛植牙,www.modern-implant.com.tw,2,
桃園牙周病,www.modern-implant.com.tw,28,
桃園牙周病治療,www.modern-implant.com.tw,28,
桃園牙周病診所,www.modern-implant.com.tw,26,
桃園高壓氧植牙 ,www.modern-implant.com.tw,3,1
桃園全口重建,www.modern-implant.com.tw,21,
桃園ALL ON 6,www.modern-implant.com.tw,8,
桃園快速植牙,www.modern-implant.com.tw,2,20
中壢牙醫診所,www.modern-implant.com.tw,20,1
中壢牙科診所,www.modern-implant.com.tw,20,
中壢植牙,www.modern-implant.com.tw,9,18
中壢人工植牙,www.modern-implant.com.tw,10,
中壢市植牙,www.modern-implant.com.tw,7,10
中壢市人工植牙,www.modern-implant.com.tw,9,
中壢微創植牙,www.modern-implant.com.tw,9,
牙科門診鎮靜,www.modern-implant.com.tw,30,
中壢無痛植牙,www.modern-implant.com.tw,2,12
中壢牙周病,www.modern-implant.com.tw,10,
中壢牙周病治療,www.modern-implant.com.tw,12,
中壢牙周病診所,www.modern-implant.com.tw,11,
中壢高壓氧植牙 ,www.modern-implant.com.tw,3,1
中壢全口重建,www.modern-implant.com.tw,10,
中壢ALL ON 6,www.modern-implant.com.tw,4,
中壢快速植牙,www.modern-implant.com.tw,1,8
贈送多組不計排名,www.modern-implant.com.tw,,
兒童牙科 ,www.modern-implant.com.tw,,
中壢兒童牙科,www.modern-implant.com.tw,18,
中壢兒童門診鎮靜,www.modern-implant.com.tw,2,
桃園兒童牙科,www.modern-implant.com.tw,30,
桃園兒童門診鎮靜,www.modern-implant.com.tw,1,
顯微植牙,www.modern-implant.com.tw,72,
吾同牙科 ,www.modern-implant.com.tw,3,3
吾同牙醫,www.modern-implant.com.tw,3,5
吾同牙醫集團,www.modern-implant.com.tw,4,
吾同牙科集團,www.modern-implant.com.tw,4,
